<?xml version="1.0" encoding="utf-8"?>
<?xml-stylesheet href="3zadanie.css"?>
<plik>
<informacje_o_pliku>
	<opis_zawartości>SYSTEM PRZYCHODNI</opis_zawartości>
	<autor>Dawid Pytka</autor>
	<autor>Kamil Piątkowski</autor>
	<data_modyfikacji>09.10.2018</data_modyfikacji>
	<osoba_modyfikująca>Kamil Piątkowski</osoba_modyfikująca>
	
</informacje_o_pliku>
<przychodnia>
<wizyty>
<wizyta numer="w1" numer_id_pacjenta="p1">
			<data_wizyty>01-10-2018</data_wizyty>
			<objawy>gorączka,katar,osłabienie</objawy>
			<rozpoznanie>grypa</rozpoznanie>
			<zalecenia>witamina C, zwolnienie lekarskie z pracy,ambrosol</zalecenia>
			<data_kolejnej_wizyty>brak</data_kolejnej_wizyty>
</wizyta>
<wizyta numer="w2" numer_id_pacjenta="p2">
			<data_wizyty>01-10-2018</data_wizyty>
			<objawy>ból w prawy oku, osłabione widzenie</objawy>
			<rozpoznanie>jęczmień pod okiem</rozpoznanie>
			<zalecenia>okłady z ziela świetlika 3 razy dziennie</zalecenia>
			<data_kolejnej_wizyty>brak</data_kolejnej_wizyty>
</wizyta>
<wizyta numer="w3" numer_id_pacjenta="p3">
			<data_wizyty>01-10-2018</data_wizyty>
			<objawy>ból ucha, wysoka gorączka</objawy>
			<rozpoznanie>czyrak prawego ucha</rozpoznanie>
			<zalecenia>okłady ichtiolowe, antybiotyk flukloksacyklina 2 razy dziennie po 1 tabletce</zalecenia>
			<data_kolejnej_wizyty>20-10-2018</data_kolejnej_wizyty>
</wizyta>
<wizyta numer="w4" numer_id_pacjenta="p4">
			<data_wizyty>02-10-2018</data_wizyty>
			<objawy>duszność, sinica, przyśpieszony i spłycony oddech, apatia</objawy>
			<rozpoznanie>gruźlica prosówkowa</rozpoznanie>
			<zalecenia>Pyrazynamid doustnie 2 tabletki dziennie po jedzeniu, dużo odpoczynku</zalecenia>
			<data_kolejnej_wizyty>04-11-2018</data_kolejnej_wizyty>
</wizyta>
<wizyta numer="w5" numer_id_pacjenta="p5">
			<data_wizyty>02-10-2018</data_wizyty>
			<objawy>swędzenie skóry głowy, poruszanie się czegoś po włosach</objawy>
			<rozpoznanie>wszy</rozpoznanie>
			<zalecenia>szampon Seboradin Med 2 razy dziennie </zalecenia>
			<data_kolejnej_wizyty>brak</data_kolejnej_wizyty>
</wizyta>
<wizyta numer="w6" numer_id_pacjenta="p6">
			<data_wizyty>03-10-2018</data_wizyty>
			<objawy>ostry ból gardła, gorączka, powiększone migdałki</objawy>
			<rozpoznanie>angina</rozpoznanie>
			<zalecenia>Augmentin dwa razy dziennie po 1 tabletce </zalecenia>
			<data_kolejnej_wizyty>brak</data_kolejnej_wizyty>
</wizyta>
<wizyta numer="w7" numer_id_pacjenta="p2">
			<data_wizyty>15-10-2018</data_wizyty>
			<objawy>nienaturalny kształt kości piszczelowej, ból przy próbie poruszania nogą</objawy>
			<rozpoznanie>złamanie kości piszczelowej</rozpoznanie>
			<zalecenia>gips przez 3 tygodnie, leki przeciwbólowe </zalecenia>
			<data_kolejnej_wizyty>07-11-2018</data_kolejnej_wizyty>
</wizyta>
<wizyta numer="w8" numer_id_pacjenta="p4">
			<data_wizyty>16-10-2018</data_wizyty>
			<objawy>wysypka skórna o charakterze pęcherzykowatym, uporczywy świąd, nadmierna potliwość</objawy>
			<rozpoznanie>potnica</rozpoznanie>
			<zalecenia>testy alergiczne </zalecenia>
			<data_kolejnej_wizyty>16-11-2018</data_kolejnej_wizyty>
</wizyta>
<wizyta numer="w9" numer_id_pacjenta="p6">
			<data_wizyty>16-10-2018</data_wizyty>
			<objawy>pieczenie paznokci</objawy>
			<rozpoznanie>grzybica paznokci</rozpoznanie>
			<zalecenia>amorolfina miejscowo 3 razy dziennie </zalecenia>
			<data_kolejnej_wizyty>23-10-2018</data_kolejnej_wizyty>
</wizyta>
<wizyta numer="w10" numer_id_pacjenta="p1">
			<data_wizyty>18-10-2018</data_wizyty>
			<objawy>duszność, kołatanie serca</objawy>
			<rozpoznanie>nadciśnienie</rozpoznanie>
			<zalecenia> aldosteron raz dziennie 1 tabletka, zmiana stylu życia m.in rzucenie palenia papierosów</zalecenia>
			<data_kolejnej_wizyty>18-11-2018</data_kolejnej_wizyty>
</wizyta>
<wizyta numer="w11" numer_id_pacjenta="p3">
			<data_wizyty>19-10-2018</data_wizyty>
			<objawy>ostry ból w nadbrzuszu, zaparcie</objawy>
			<rozpoznanie>zapalenie wyrostka robaczkowego</rozpoznanie>
			<zalecenia>operacja w szpitalu </zalecenia>
			<data_kolejnej_wizyty>26-10-2018</data_kolejnej_wizyty>
</wizyta>
<wizyta numer="w12" numer_id_pacjenta="p5">
			<data_wizyty>19-10-2018</data_wizyty>
			<objawy>częste oddawanie moczu</objawy>
			<rozpoznanie>zakażenie układu moczowego</rozpoznanie>
			<zalecenia>antybiotyk Alaks 1 tabletka raz dziennie</zalecenia>
			<data_kolejnej_wizyty>26-10-2018</data_kolejnej_wizyty>
</wizyta>
<wizyta numer="w13" numer_id_pacjenta="p3">
			<data_wizyty>20-10-2018</data_wizyty>
			<objawy>zdiagnozowany dnia 01-10-2018 czyrak prawego ucha</objawy>
			<rozpoznanie>czyrak prawego ucha</rozpoznanie>
			<zalecenia>kontynuowanie stosowanie okładów ichtiolowych</zalecenia>
			<data_kolejnej_wizyty>brak</data_kolejnej_wizyty>
</wizyta>
<wizyta numer="w14" numer_id_pacjenta="p5">
			<data_wizyty>25-10-2018</data_wizyty>
			<objawy>rumień na prawej nodze,ból stawów, wysypka skórna, sztywność karku</objawy>
			<rozpoznanie>borelioza</rozpoznanie>
			<zalecenia>antybiotyk Boreliozor przez 4 tyg, 3 tabletki dziennie</zalecenia>
			<data_kolejnej_wizyty>25-11-2018</data_kolejnej_wizyty>
</wizyta>
<wizyta numer="w15" numer_id_pacjenta="p6">
			<data_wizyty>25-10-2018</data_wizyty>
			<objawy>drżenie rąk, częste biegunki, bezsenność</objawy>
			<rozpoznanie>naczynność tarczycy</rozpoznanie>
			<zalecenia>badanie poziomu TSH we krwi</zalecenia>
			<data_kolejnej_wizyty>03-11-2018</data_kolejnej_wizyty>
</wizyta>
<wizyta numer="w16" numer_id_pacjenta="p1">
			<data_wizyty>25-10-2018</data_wizyty>
			<objawy>podwyższony poziom glukozy we krwi</objawy>
			<rozpoznanie>cukrzyca</rozpoznanie>
			<zalecenia>zastrzyki z insuliną raz dziennie</zalecenia>
			<data_kolejnej_wizyty>brak</data_kolejnej_wizyty>
</wizyta>
<wizyta numer="w17" numer_id_pacjenta="p2">
			<data_wizyty>25-10-2018</data_wizyty>
			<objawy>opuchnięte oczy, światłowstręt, przekrwienie spojówkowe</objawy>
			<rozpoznanie>zapalenie spojówek</rozpoznanie>
			<zalecenia>przestrzegać zasad higieny, często myć dłonie, nie pocierać oczu, stosować zimne okłady</zalecenia>
			<data_kolejnej_wizyty>brak</data_kolejnej_wizyty>
</wizyta>
<wizyta numer="w18" numer_id_pacjenta="p3">
			<data_wizyty>26-10-2018</data_wizyty>
			<objawy>dreszcze, niepokój, zwiotczenie mięśni, bardzo silny ból głowy</objawy>
			<rozpoznanie>udar cieplny</rozpoznanie>
			<zalecenia>zapewniono dostęp do chłodnego powietrza, zastosowano okłady, podano płyny dożylnie</zalecenia>
			<data_kolejnej_wizyty>03-11-2018</data_kolejnej_wizyty>
</wizyta>
<wizyta numer="w19" numer_id_pacjenta="p4">
			<data_wizyty>27-10-2018</data_wizyty>
			<objawy>krew i limfa wyciekające z prawej dłoni</objawy>
			<rozpoznanie>rana cięta dłoni</rozpoznanie>
			<zalecenia>założenie szwów</zalecenia>
			<data_kolejnej_wizyty>07-11-2018</data_kolejnej_wizyty>
</wizyta>
<wizyta numer="w20" numer_id_pacjenta="p6">
			<data_wizyty>27-10-2018</data_wizyty>
			<objawy>opuchnięte nogi, ból </objawy>
			<rozpoznanie>zapalenie żył</rozpoznanie>
			<zalecenia>Apiksaban dożylnie dwa razy dziennie</zalecenia>
			<data_kolejnej_wizyty>09-11-2018</data_kolejnej_wizyty>
</wizyta>
<wizyta numer="w21" numer_id_pacjenta="p3">
			<data_wizyty>04-11-2018</data_wizyty>
			<objawy>ból pleców i kręgosłupa</objawy>
			<rozpoznanie>reumatyzm</rozpoznanie>
			<zalecenia>ćwiczenia podnoszące sprawność fizyczną, pobyt w sanatorium</zalecenia>
			<data_kolejnej_wizyty>brak</data_kolejnej_wizyty>
</wizyta>
<wizyta numer="w22" numer_id_pacjenta="p2">
			<data_wizyty>04-11-2018</data_wizyty>
			<objawy>silny ból ucha, upośledzenie słuchu</objawy>
			<rozpoznanie>ostre zapalenie ucha środkowego</rozpoznanie>
			<zalecenia>skierowanie do szpitala na zabieg nacięcie błony bębenkowej</zalecenia>
			<data_kolejnej_wizyty>26-10-2018</data_kolejnej_wizyty>
</wizyta>
<wizyta numer="w23" numer_id_pacjenta="p1">
			<data_wizyty>10-11-2018</data_wizyty>
			<objawy>szmery w płucach, osłabienie, silny suchy kaszel</objawy>
			<rozpoznanie>bakteryjne zapalenie płuc</rozpoznanie>
			<zalecenia>odpoczynek, Sarabin 2 tabletki dziennie (rano i wieczorem)</zalecenia>
			<data_kolejnej_wizyty>14-11-2018</data_kolejnej_wizyty>
</wizyta>
<wizyta numer="w24" numer_id_pacjenta="p7">
			<data_wizyty>10-11-2018</data_wizyty>
			<objawy>wymioty, silny ból brzucha, jadłowstręt,biegunka</objawy>
			<rozpoznanie>zatrucie pokarmowe</rozpoznanie>
			<zalecenia>uzupełnianie płynów,węgiel aktywny 1 tabletka 3 razy dziennie </zalecenia>
			<data_kolejnej_wizyty>brak</data_kolejnej_wizyty>
</wizyta>

</wizyty>
<baza_danych>
<karty_pacjentów>
<karta_pacjenta numer_id="p1">
	<numer_ubezpieczenia>122456</numer_ubezpieczenia>
	<dane_personalne płeć="M">
		<nazwisko>Nowak</nazwisko>
		<imię>Jan</imię>
	</dane_personalne>
	<wiek>40</wiek>
	<numer_tel>789456123</numer_tel>
    <adres>
        <kraj>Polska</kraj>
        <miasto>Łódź</miasto>
        <kod_pocztowy>95-200</kod_pocztowy>
        <ulica>Piotrkowska</ulica>
		<nr_mieszkania>32</nr_mieszkania>
    </adres>	
		<alergie>brak</alergie>
		<przebyte_choroby>odra</przebyte_choroby>
		<szczepienia>świnka, rzerzączka</szczepienia>
		<grupa_krwi>A</grupa_krwi>
		<przyjmowane_obecnie_leki>Accuzide</przyjmowane_obecnie_leki>
        
</karta_pacjenta>
<karta_pacjenta numer_id="p2">
	<numer_ubezpieczenia>133456</numer_ubezpieczenia>
	<dane_personalne płeć="M">
		<nazwisko>Kowalski</nazwisko>
		<imię>Piotr</imię>
	</dane_personalne>
	<wiek>23</wiek>
	<numer_tel>785661223</numer_tel>
    <adres>
        <kraj>Polska</kraj>
        <miasto>Łódź</miasto>
        <kod_pocztowy>95-200</kod_pocztowy>
        <ulica>Piotrkowska</ulica>
		<nr_mieszkania>56</nr_mieszkania>
    </adres>	
		<alergie>brak</alergie>
		<przebyte_choroby>odra</przebyte_choroby>
		<szczepienia>świnka, rzerzączka</szczepienia>
		<grupa_krwi>A Rh-</grupa_krwi>
		<przyjmowane_obecnie_leki>Brak</przyjmowane_obecnie_leki>
        
</karta_pacjenta>
<karta_pacjenta numer_id="p3">
	<numer_ubezpieczenia>435676</numer_ubezpieczenia>
	<dane_personalne płeć="K">
		<nazwisko>Gumowska</nazwisko>
		<imię>Janina</imię>
	</dane_personalne>
	<wiek>67</wiek>
	<numer_tel>929888232</numer_tel>
    <adres>
        <kraj>Polska</kraj>
        <miasto>Pabianice</miasto>
        <kod_pocztowy>90-811</kod_pocztowy>
        <ulica>Łódzka</ulica>
		<nr_mieszkania>12</nr_mieszkania>
    </adres>	
		<alergie>kurz, pyłki traw</alergie>
		<przebyte_choroby>gruźlica, odra</przebyte_choroby>
		<szczepienia></szczepienia>
		<grupa_krwi>A Rh+</grupa_krwi>
		<przyjmowane_obecnie_leki>brak</przyjmowane_obecnie_leki>
        
</karta_pacjenta>
<karta_pacjenta numer_id="p4">
	<numer_ubezpieczenia>899911</numer_ubezpieczenia>
	<dane_personalne płeć="K">
		<nazwisko>Gryz</nazwisko>
		<imię>Jolanta</imię>
	</dane_personalne>
	<wiek>45</wiek>
	<numer_tel>687333661</numer_tel>
    <adres>
        <kraj>Polska</kraj>
        <miasto>Zgierz</miasto>
        <kod_pocztowy>90-444</kod_pocztowy>
        <ulica>Maratońska</ulica>
		<nr_mieszkania>12</nr_mieszkania>
    </adres>	
		<alergie>brak</alergie>
		<przebyte_choroby></przebyte_choroby>
		<szczepienia>gruźlica, pneumokoki, świnka, różyczka</szczepienia>
		<grupa_krwi>B Rh-</grupa_krwi>
		<przyjmowane_obecnie_leki>przecizakrzepowe dabigatran</przyjmowane_obecnie_leki>
        
</karta_pacjenta>
<karta_pacjenta numer_id="p5">
	<numer_ubezpieczenia>876876</numer_ubezpieczenia>
	<dane_personalne płeć="M">
		<nazwisko>Sambor</nazwisko>
		<imię>Józef</imię>
	</dane_personalne>
	<wiek>77</wiek>
	<numer_tel>678987654</numer_tel>
    <adres>
        <kraj>Polska</kraj>
        <miasto>Łódź</miasto>
        <kod_pocztowy>90-565</kod_pocztowy>
        <ulica>Wólczańska</ulica>
		<nr_mieszkania>215</nr_mieszkania>
    </adres>	
		<alergie>orzechy</alergie>
		<przebyte_choroby>zapalenie opon mózgowych</przebyte_choroby>
		<szczepienia>błonnica, tężec, krztusiec</szczepienia>
		<grupa_krwi>0 Rh-</grupa_krwi>
		<przyjmowane_obecnie_leki>brak</przyjmowane_obecnie_leki>
        
</karta_pacjenta>
<karta_pacjenta numer_id="p6">
	<numer_ubezpieczenia>098342</numer_ubezpieczenia>
	<dane_personalne płeć="K">
		<nazwisko>Jabłczyńska</nazwisko>
		<imię>Anna</imię>
	</dane_personalne>
	<wiek>35</wiek>
	<numer_tel>324867548</numer_tel>
    <adres>
        <kraj>Polska</kraj>
        <miasto>Łódź</miasto>
        <kod_pocztowy>90-099</kod_pocztowy>
        <ulica>Legionów Polskich</ulica>
		<nr_mieszkania>22</nr_mieszkania>
    </adres>	
		<alergie>jad owadów błonkoskrzydłowych,chinina</alergie>
		<przebyte_choroby></przebyte_choroby>
		<szczepienia>WZW typu B, DTP,MMR</szczepienia>
		<grupa_krwi>AB Rh+</grupa_krwi>
		<przyjmowane_obecnie_leki>xanax</przyjmowane_obecnie_leki>
        
</karta_pacjenta>
<karta_pacjenta numer_id="p7">
	<numer_ubezpieczenia>456789</numer_ubezpieczenia>
	<dane_personalne płeć="K">
		<nazwisko>Narczak</nazwisko>
		<imię>Zofia</imię>
	</dane_personalne>
	<wiek>42</wiek>
	<numer_tel>324867558</numer_tel>
    <adres>
        <kraj>Polska</kraj>
        <miasto>Łódź</miasto>
        <kod_pocztowy>90-098</kod_pocztowy>
        <ulica>Warszawska</ulica>
		<nr_mieszkania>12</nr_mieszkania>
    </adres>	
		<alergie>sierść zwierząt, pyłki kwiatowe</alergie>
		<przebyte_choroby>odra,ospa,zapalenie płuc</przebyte_choroby>
		<szczepienia>WZW typu B,IPV,MMR,tężec</szczepienia>
		<grupa_krwi>B Rh+</grupa_krwi>
		<przyjmowane_obecnie_leki>allertec</przyjmowane_obecnie_leki>
        
</karta_pacjenta>
</karty_pacjentów>
</baza_danych>
</przychodnia>
</plik>
