<?xml version="1.0" encoding="UTF-8"?><przychodnia><karta_pacjenta numer_id="p1"><numer_ubezpieczenia>122456</numer_ubezpieczenia><dane_personalne><nazwisko>Nowak</nazwisko><imię>Jan</imię></dane_personalne><wiek>40</wiek><ile_wizyt>4</ile_wizyt><wizyty><wizyta numer="w1" numer_id_pacjenta="p1"><data_wizyty>01-10-2018</data_wizyty><objawy>gorączka,katar,osłabienie</objawy><rozpoznanie>grypa</rozpoznanie><zalecenia>witamina C, zwolnienie lekarskie z pracy,ambrosol</zalecenia></wizyta><wizyta numer="w10" numer_id_pacjenta="p1"><data_wizyty>18-10-2018</data_wizyty><objawy>duszność, kołatanie serca</objawy><rozpoznanie>nadciśnienie</rozpoznanie><zalecenia> aldosteron raz dziennie 1 tabletka, zmiana stylu życia m.in rzucenie palenia papierosów</zalecenia></wizyta><wizyta numer="w16" numer_id_pacjenta="p1"><data_wizyty>25-10-2018</data_wizyty><objawy>podwyższony poziom glukozy we krwi</objawy><rozpoznanie>cukrzyca</rozpoznanie><zalecenia>zastrzyki z insuliną raz dziennie</zalecenia></wizyta><wizyta numer="w23" numer_id_pacjenta="p1"><data_wizyty>10-11-2018</data_wizyty><objawy>szmery w płucach, osłabienie, silny suchy kaszel</objawy><rozpoznanie>bakteryjne zapalenie płuc</rozpoznanie><zalecenia>odpoczynek, Sarabin 2 tabletki dziennie (rano i wieczorem)</zalecenia></wizyta></wizyty></karta_pacjenta><karta_pacjenta numer_id="p2"><numer_ubezpieczenia>133456</numer_ubezpieczenia><dane_personalne><nazwisko>Kowalski</nazwisko><imię>Piotr</imię></dane_personalne><wiek>23</wiek><ile_wizyt>4</ile_wizyt><wizyty><wizyta numer="w2" numer_id_pacjenta="p2"><data_wizyty>01-10-2018</data_wizyty><objawy>ból w prawy oku, osłabione widzenie</objawy><rozpoznanie>jęczmień pod okiem</rozpoznanie><zalecenia>okłady z ziela świetlika 3 razy dziennie</zalecenia></wizyta><wizyta numer="w7" numer_id_pacjenta="p2"><data_wizyty>15-10-2018</data_wizyty><objawy>nienaturalny kształt kości piszczelowej, ból przy próbie poruszania nogą</objawy><rozpoznanie>złamanie kości piszczelowej</rozpoznanie><zalecenia>gips przez 3 tygodnie, leki przeciwbólowe </zalecenia></wizyta><wizyta numer="w17" numer_id_pacjenta="p2"><data_wizyty>25-10-2018</data_wizyty><objawy>opuchnięte oczy, światłowstręt, przekrwienie spojówkowe</objawy><rozpoznanie>zapalenie spojówek</rozpoznanie><zalecenia>przestrzegać zasad higieny, często myć dłonie, nie pocierać oczu, stosować zimne okłady</zalecenia></wizyta><wizyta numer="w22" numer_id_pacjenta="p2"><data_wizyty>04-11-2018</data_wizyty><objawy>silny ból ucha, upośledzenie słuchu</objawy><rozpoznanie>ostre zapalenie ucha środkowego</rozpoznanie><zalecenia>skierowanie do szpitala na zabieg nacięcie błony bębenkowej</zalecenia></wizyta></wizyty></karta_pacjenta><karta_pacjenta numer_id="p3"><numer_ubezpieczenia>435676</numer_ubezpieczenia><dane_personalne><nazwisko>Gumowska</nazwisko><imię>Janina</imię></dane_personalne><wiek>67</wiek><ile_wizyt>5</ile_wizyt><wizyty><wizyta numer="w3" numer_id_pacjenta="p3"><data_wizyty>01-10-2018</data_wizyty><objawy>ból ucha, wysoka gorączka</objawy><rozpoznanie>czyrak prawego ucha</rozpoznanie><zalecenia>okłady ichtiolowe, antybiotyk flukloksacyklina 2 razy dziennie po 1 tabletce</zalecenia></wizyta><wizyta numer="w11" numer_id_pacjenta="p3"><data_wizyty>19-10-2018</data_wizyty><objawy>ostry ból w nadbrzuszu, zaparcie</objawy><rozpoznanie>zapalenie wyrostka robaczkowego</rozpoznanie><zalecenia>operacja w szpitalu </zalecenia></wizyta><wizyta numer="w13" numer_id_pacjenta="p3"><data_wizyty>20-10-2018</data_wizyty><objawy>zdiagnozowany dnia 01-10-2018 czyrak prawego ucha</objawy><rozpoznanie>czyrak prawego ucha</rozpoznanie><zalecenia>kontynuowanie stosowanie okładów ichtiolowych</zalecenia></wizyta><wizyta numer="w18" numer_id_pacjenta="p3"><data_wizyty>26-10-2018</data_wizyty><objawy>dreszcze, niepokój, zwiotczenie mięśni, bardzo silny ból głowy</objawy><rozpoznanie>udar cieplny</rozpoznanie><zalecenia>zapewniono dostęp do chłodnego powietrza, zastosowano okłady, podano płyny dożylnie</zalecenia></wizyta><wizyta numer="w21" numer_id_pacjenta="p3"><data_wizyty>04-11-2018</data_wizyty><objawy>ból pleców i kręgosłupa</objawy><rozpoznanie>reumatyzm</rozpoznanie><zalecenia>ćwiczenia podnoszące sprawność fizyczną, pobyt w sanatorium</zalecenia></wizyta></wizyty></karta_pacjenta><karta_pacjenta numer_id="p4"><numer_ubezpieczenia>899911</numer_ubezpieczenia><dane_personalne><nazwisko>Gryz</nazwisko><imię>Jolanta</imię></dane_personalne><wiek>45</wiek><ile_wizyt>3</ile_wizyt><wizyty><wizyta numer="w4" numer_id_pacjenta="p4"><data_wizyty>02-10-2018</data_wizyty><objawy>duszność, sinica, przyśpieszony i spłycony oddech, apatia</objawy><rozpoznanie>gruźlica prosówkowa</rozpoznanie><zalecenia>Pyrazynamid doustnie 2 tabletki dziennie po jedzeniu, dużo odpoczynku</zalecenia></wizyta><wizyta numer="w8" numer_id_pacjenta="p4"><data_wizyty>16-10-2018</data_wizyty><objawy>wysypka skórna o charakterze pęcherzykowatym, uporczywy świąd, nadmierna potliwość</objawy><rozpoznanie>potnica</rozpoznanie><zalecenia>testy alergiczne </zalecenia></wizyta><wizyta numer="w19" numer_id_pacjenta="p4"><data_wizyty>27-10-2018</data_wizyty><objawy>krew i limfa wyciekające z prawej dłoni</objawy><rozpoznanie>rana cięta dłoni</rozpoznanie><zalecenia>założenie szwów</zalecenia></wizyta></wizyty></karta_pacjenta><karta_pacjenta numer_id="p5"><numer_ubezpieczenia>876876</numer_ubezpieczenia><dane_personalne><nazwisko>Sambor</nazwisko><imię>Józef</imię></dane_personalne><wiek>77</wiek><ile_wizyt>3</ile_wizyt><wizyty><wizyta numer="w5" numer_id_pacjenta="p5"><data_wizyty>02-10-2018</data_wizyty><objawy>swędzenie skóry głowy, poruszanie się czegoś po włosach</objawy><rozpoznanie>wszy</rozpoznanie><zalecenia>szampon Seboradin Med 2 razy dziennie </zalecenia></wizyta><wizyta numer="w12" numer_id_pacjenta="p5"><data_wizyty>19-10-2018</data_wizyty><objawy>częste oddawanie moczu</objawy><rozpoznanie>zakażenie układu moczowego</rozpoznanie><zalecenia>antybiotyk Alaks 1 tabletka raz dziennie</zalecenia></wizyta><wizyta numer="w14" numer_id_pacjenta="p5"><data_wizyty>25-10-2018</data_wizyty><objawy>rumień na prawej nodze,ból stawów, wysypka skórna, sztywność karku</objawy><rozpoznanie>borelioza</rozpoznanie><zalecenia>antybiotyk Boreliozor przez 4 tyg, 3 tabletki dziennie</zalecenia></wizyta></wizyty></karta_pacjenta><karta_pacjenta numer_id="p6"><numer_ubezpieczenia>098342</numer_ubezpieczenia><dane_personalne><nazwisko>Jabłczyńska</nazwisko><imię>Anna</imię></dane_personalne><wiek>35</wiek><ile_wizyt>4</ile_wizyt><wizyty><wizyta numer="w6" numer_id_pacjenta="p6"><data_wizyty>03-10-2018</data_wizyty><objawy>ostry ból gardła, gorączka, powiększone migdałki</objawy><rozpoznanie>angina</rozpoznanie><zalecenia>Augmentin dwa razy dziennie po 1 tabletce </zalecenia></wizyta><wizyta numer="w9" numer_id_pacjenta="p6"><data_wizyty>16-10-2018</data_wizyty><objawy>pieczenie paznokci</objawy><rozpoznanie>grzybica paznokci</rozpoznanie><zalecenia>amorolfina miejscowo 3 razy dziennie </zalecenia></wizyta><wizyta numer="w15" numer_id_pacjenta="p6"><data_wizyty>25-10-2018</data_wizyty><objawy>drżenie rąk, częste biegunki, bezsenność</objawy><rozpoznanie>naczynność tarczycy</rozpoznanie><zalecenia>badanie poziomu TSH we krwi</zalecenia></wizyta><wizyta numer="w20" numer_id_pacjenta="p6"><data_wizyty>27-10-2018</data_wizyty><objawy>opuchnięte nogi, ból </objawy><rozpoznanie>zapalenie żył</rozpoznanie><zalecenia>Apiksaban dożylnie dwa razy dziennie</zalecenia></wizyta></wizyty></karta_pacjenta><karta_pacjenta numer_id="p7"><numer_ubezpieczenia>456789</numer_ubezpieczenia><dane_personalne><nazwisko>Narczak</nazwisko><imię>Zofia</imię></dane_personalne><wiek>42</wiek><ile_wizyt>1</ile_wizyt><wizyty><wizyta numer="w24" numer_id_pacjenta="p7"><data_wizyty>10-11-2018</data_wizyty><objawy>wymioty, silny ból brzucha, jadłowstręt,biegunka</objawy><rozpoznanie>zatrucie pokarmowe</rozpoznanie><zalecenia>uzupełnianie płynów,węgiel aktywny 1 tabletka 3 razy dziennie </zalecenia></wizyta></wizyty></karta_pacjenta><ilosc_pacjentow>7</ilosc_pacjentow><ilosc_wizyt_pacjentow>24</ilosc_wizyt_pacjentow><powyzej_50>2</powyzej_50><ile_mężczyzn>3</ile_mężczyzn><ile_kobiet>4</ile_kobiet><srednia_wieku>47</srednia_wieku><srednia_ilosc_wizyt>3.43</srednia_ilosc_wizyt><data_wygenerowania_raportu>2018-12-04T12:47:30.562+01:00</data_wygenerowania_raportu></przychodnia>